-- --------------------------------------------------------
-- Host:                         localhost
-- Server version:               10.4.18-MariaDB - mariadb.org binary distribution
-- Server OS:                    Win64
-- HeidiSQL Version:             10.2.0.5599
-- --------------------------------------------------------

/*!40101 SET @OLD_CHARACTER_SET_CLIENT=@@CHARACTER_SET_CLIENT */;
/*!40101 SET NAMES utf8 */;
/*!50503 SET NAMES utf8mb4 */;
/*!40014 SET @OLD_FOREIGN_KEY_CHECKS=@@FOREIGN_KEY_CHECKS, FOREIGN_KEY_CHECKS=0 */;
/*!40101 SET @OLD_SQL_MODE=@@SQL_MODE, SQL_MODE='NO_AUTO_VALUE_ON_ZERO' */;


-- Dumping database structure for db_dlh_new
CREATE DATABASE IF NOT EXISTS `db_dlh_new` /*!40100 DEFAULT CHARACTER SET utf8mb4 */;
USE `db_dlh_new`;

-- Dumping structure for table db_dlh_new.cabang
CREATE TABLE IF NOT EXISTS `cabang` (
  `kode` int(5) NOT NULL AUTO_INCREMENT,
  `nama` varchar(50) DEFAULT NULL,
  `sn` varchar(50) NOT NULL,
  `kode_perusahaan` int(1) NOT NULL DEFAULT 1,
  `dibuat` varchar(50) DEFAULT NULL,
  `tgl_buat` datetime DEFAULT NULL,
  `diupdate` varchar(50) DEFAULT NULL,
  `tgl_update` datetime DEFAULT NULL,
  PRIMARY KEY (`kode`)
) ENGINE=MyISAM AUTO_INCREMENT=48 DEFAULT CHARSET=latin1;

-- Dumping data for table db_dlh_new.cabang: 24 rows
DELETE FROM `cabang`;
/*!40000 ALTER TABLE `cabang` DISABLE KEYS */;
INSERT INTO `cabang` (`kode`, `nama`, `sn`, `kode_perusahaan`, `dibuat`, `tgl_buat`, `diupdate`, `tgl_update`) VALUES
	(1, 'HEAD OFFICE', 'BWXP195260362', 1, 'SYSTEM', '2012-12-13 00:00:00', '1', '2024-11-26 00:00:00'),
	(2, 'BANJARMASIN', 'BWXP195260077', 1, 'SYSTEM', '2012-12-13 00:00:00', '1', '2024-11-26 00:00:00'),
	(3, 'PELAIHARI', 'BWXP222860393', 1, 'SYSTEM', '2012-12-13 00:00:00', '1', '2024-11-26 00:00:00'),
	(4, 'BARABAI', '2808052090193', 1, 'SYSTEM', '2013-02-14 00:00:00', '1', '2024-11-26 00:00:00'),
	(5, 'TANJUNG', '2808052090097', 1, 'SYSTEM', '2013-02-14 00:00:00', '1', '2024-11-26 00:00:00'),
	(6, 'BATU LICIN', 'BWXP190760178', 1, 'SYSTEM', '2013-02-14 00:00:00', '1', '2024-11-26 00:00:00'),
	(7, 'KAYU TANGI', '', 1, 'SYSTEM', '2013-02-14 00:00:00', '1', '2024-11-26 00:00:00'),
	(9, 'KAPUAS', '6339164500024', 2, 'SYSTEM', '2013-02-14 00:00:00', '1', '2024-11-26 00:00:00'),
	(10, 'PALANGKARAYA', 'BWXP225160434', 2, 'SYSTEM', '2013-02-14 00:00:00', '1', '2024-11-26 00:00:00'),
	(11, 'SAMPIT', '6.34E+12', 2, 'SYSTEM', '2013-02-14 00:00:00', 'admin', '2025-01-06 14:12:39'),
	(12, 'MUARA TEWEH', '', 2, 'SYSTEM', '2013-02-14 00:00:00', '1', '2024-11-26 00:00:00'),
	(13, 'PANGKALAN BUN', 'BWXP212260962', 2, 'SYSTEM', '2013-02-14 00:00:00', '1', '2024-11-26 00:00:00'),
	(14, 'BANJARBARU', 'BWXP223661242', 1, 'AYU ', '2013-04-02 00:00:00', '1', '2024-11-26 00:00:00'),
	(32, 'LAMANDAU', '', 2, '13.01.552', '2013-10-23 00:00:00', '1', '2024-11-26 00:00:00'),
	(33, 'KOTABARU', 'BWXP225160043', 1, '13.01.552', '2013-10-23 00:00:00', '1', '2024-11-26 00:00:00'),
	(34, 'AMPAH', 'BWXP195260116', 2, '12.07.459', '2013-11-29 00:00:00', '1', '2024-11-26 00:00:00'),
	(35, 'BANJARMASIN 2', '8.41E+11', 1, 'admin', '2014-03-17 00:00:00', '1', '2024-11-26 00:00:00'),
	(38, 'PANGKALAN BANTENG', '', 1, '15.09.1168', '2015-11-11 00:00:00', '1', '2024-11-26 00:00:00'),
	(39, 'MARTAPURA', '', 1, '11.10.220', '2017-05-08 00:00:00', '1', '2024-11-26 00:00:00'),
	(40, 'STOCKYARD', '', 1, '11.10.220', '2017-06-06 00:00:00', '1', '2024-11-26 00:00:00'),
	(41, 'BANJARMASIN 2 NEW', 'BWXP233560757', 1, '22.02.2179', '2024-01-01 00:00:00', '1', '2024-11-26 00:00:00'),
	(42, 'KASONGAN', 'NJF7235100568', 2, '24.01.2771', '2024-09-10 00:00:00', '1', '2024-11-26 00:00:00'),
	(43, 'SAMPIT NEW', 'NJF7235200151', 2, 'SYSTEM', '2024-10-02 00:00:00', '1', '2024-11-26 00:00:00'),
	(45, 'KAPUAS NEW', 'NJF7235200414', 2, 'SYSTEM', '2024-12-24 00:00:00', '1', '2024-12-24 00:00:00');
/*!40000 ALTER TABLE `cabang` ENABLE KEYS */;

-- Dumping structure for table db_dlh_new.hak_akses
CREATE TABLE IF NOT EXISTS `hak_akses` (
  `user` int(3) NOT NULL,
  `menu` varchar(114) NOT NULL
) ENGINE=InnoDB DEFAULT CHARSET=latin1 ROW_FORMAT=DYNAMIC;

-- Dumping data for table db_dlh_new.hak_akses: ~38 rows (approximately)
DELETE FROM `hak_akses`;
/*!40000 ALTER TABLE `hak_akses` DISABLE KEYS */;
INSERT INTO `hak_akses` (`user`, `menu`) VALUES
	(1, 'jenis'),
	(1, 'alat'),
	(1, 'pelanggan'),
	(1, 'uji'),
	(1, 'uji_mt'),
	(1, 'equip'),
	(1, 'equip_sampling'),
	(1, 'foot'),
	(1, 'atasan'),
	(1, 'uji_mm'),
	(1, 'uji_mt2'),
	(1, 'tracklhu'),
	(1, 'user'),
	(1, 'hakakses'),
	(1, 'admin'),
	(1, 'ps'),
	(1, 'mt'),
	(1, 'mm'),
	(1, 'kpu'),
	(1, 'sistem'),
	(1, 'update'),
	(1, 'backup'),
	(1, 'dashboard'),
	(1, 'general'),
	(1, 'kelompok'),
	(2, 'general'),
	(2, 'kelompok'),
	(2, 'alat'),
	(2, 'foot'),
	(2, 'jenis'),
	(2, 'admin'),
	(2, 'pelanggan'),
	(2, 'tracklhu'),
	(2, 'update'),
	(2, 'backup'),
	(1, 'cabang'),
	(1, 'analys'),
	(1, 'jabatan');
/*!40000 ALTER TABLE `hak_akses` ENABLE KEYS */;

-- Dumping structure for table db_dlh_new.jabatan
CREATE TABLE IF NOT EXISTS `jabatan` (
  `kode` int(5) NOT NULL AUTO_INCREMENT,
  `nama` varchar(50) DEFAULT NULL,
  `dibuat` varchar(50) DEFAULT NULL,
  `tgl_buat` date DEFAULT NULL,
  `diupdate` varchar(50) DEFAULT NULL,
  `tgl_update` date DEFAULT NULL,
  PRIMARY KEY (`kode`)
) ENGINE=MyISAM AUTO_INCREMENT=7 DEFAULT CHARSET=latin1;

-- Dumping data for table db_dlh_new.jabatan: 5 rows
DELETE FROM `jabatan`;
/*!40000 ALTER TABLE `jabatan` DISABLE KEYS */;
INSERT INTO `jabatan` (`kode`, `nama`, `dibuat`, `tgl_buat`, `diupdate`, `tgl_update`) VALUES
	(1, 'STAFF', NULL, NULL, NULL, NULL),
	(2, 'COORDINATOR', NULL, NULL, NULL, NULL),
	(3, 'SUPERVISOR\r\n', NULL, NULL, NULL, NULL),
	(4, 'ASSISTANT MANAGER\r\n', NULL, NULL, NULL, NULL),
	(5, 'MANAGER', NULL, NULL, '22.06.2268', '2022-07-29');
/*!40000 ALTER TABLE `jabatan` ENABLE KEYS */;

-- Dumping structure for table db_dlh_new.parameter
CREATE TABLE IF NOT EXISTS `parameter` (
  `jenis` varchar(128) NOT NULL,
  `kode` int(11) NOT NULL,
  `nama` varchar(128) NOT NULL,
  `keterangan` varchar(50) NOT NULL,
  PRIMARY KEY (`jenis`,`kode`),
  UNIQUE KEY `type` (`jenis`,`kode`)
) ENGINE=MyISAM DEFAULT CHARSET=latin1;

-- Dumping data for table db_dlh_new.parameter: 252 rows
DELETE FROM `parameter`;
/*!40000 ALTER TABLE `parameter` DISABLE KEYS */;
INSERT INTO `parameter` (`jenis`, `kode`, `nama`, `keterangan`) VALUES
	('cPendidikan', 1, 'SD/SEDERAJAT', ''),
	('cStatuskerja', 2, 'KONTRAK', ''),
	('cStatuskerja', 1, 'TETAP', ''),
	('cJenis', 1, 'LAKI-LAKI', ''),
	('cJenis', 2, 'PEREMPUAN', ''),
	('cPendidikan', 2, 'SMP', ''),
	('cPendidikan', 3, 'SMA/SEDERAJAT', ''),
	('cPendidikan', 4, 'DI', ''),
	('cPendidikan', 5, 'DII', ''),
	('cPendidikan', 6, 'DIII', ''),
	('cPendidikan', 7, 'S1', ''),
	('cPendidikan', 8, 'S2', ''),
	('cPendidikan', 9, 'S3', ''),
	('cSesuai', 1, 'SESUAI', ''),
	('cSesuai', 2, 'TIDAK SESUAI', ''),
	('cKaryawan', 1, 'KARYAWAN TETAP', ''),
	('cKaryawan', 2, 'PERPANJANG KONTRAK', ''),
	('cKaryawan', 3, 'REVIEW GAJI', ''),
	('cKaryawan', 4, 'TIDAK PERPANJANG KONTRAK', ''),
	('cHubungan', 1, 'ANAK', ''),
	('cHubungan', 2, 'AYAH', ''),
	('cHubungan', 3, 'ISTRI', ''),
	('cHubungan', 4, 'ADIK', ''),
	('cAgama', 1, 'ISLAM', ''),
	('cAgama', 2, 'PROTESTAN', ''),
	('cAgama', 3, 'KATHOLIK', ''),
	('cAgama', 4, 'HINDU', ''),
	('cAgama', 5, 'BUDHA', ''),
	('cSkaryawan', 1, 'TETAP', ''),
	('cSkaryawan', 2, 'TIDAK TETAP', ''),
	('cProses', 1, 'Sudah', ''),
	('cProses', 0, 'Belum', ''),
	('cStatus', 1, 'AKTIF', ''),
	('cStatus', 2, 'NON AKTIF', ''),
	('cMakan', 1, 'YA', ''),
	('cMakan', 2, 'TIDAK', ''),
	('cStrata', 1, 'STAFF', ''),
	('cStrata', 2, 'SUPERVISOR', ''),
	('cStrata', 3, 'ASS. MANAGER', ''),
	('cPost', 0, 'Unposting', ''),
	('cPost', 1, 'Posting', ''),
	('cUsulan', 0, 'PROMOSI', ''),
	('cAprove', 2, 'Rejected', ''),
	('cAprove', 0, '', ''),
	('cAprove', 3, 'Approved', ''),
	('cFollow', 0, '', ''),
	('cSaprove', 0, 'New', ''),
	('cFollow', 2, 'Rejected', ''),
	('cPendidikan', 0, '', ''),
	('cStatuskerja', 0, '', ''),
	('cSesuai', 0, '', ''),
	('cLevel', 1, 'Administrator', ''),
	('cLevel', 2, 'Manager', ''),
	('cLevel', 3, 'Admin', ''),
	('cLevel', 4, 'User', ''),
	('cSkaryawan', 6, 'NON AKTIF', ''),
	('cJamsostek', 0, '', ''),
	('cJamsostek', 1, 'X', ''),
	('cAskes', 0, '', ''),
	('cAskes', 1, 'X', ''),
	('cMobil', 0, '', ''),
	('cMobil', 1, 'X', ''),
	('cLaptop', 0, '', ''),
	('cLaptop', 1, 'X', ''),
	('cFollow', 4, 'Approved', ''),
	('cSaprove', 1, 'In Progress', ''),
	('cSaprove', 3, 'Approve', ''),
	('cSaprove', 4, 'Follow Up', ''),
	('cSaprove', 2, 'Rejected', ''),
	('cUsulan', 1, 'DEMOSI', ''),
	('cUsulan', 2, 'MUTASI', ''),
	('cUsulan', 3, 'ROTASI', ''),
	('cAda', 1, 'Ada', ''),
	('cAda', 2, 'Tidak Ada', ''),
	('cSaprove', 5, 'Pengajuan', ''),
	('cTransport', 1, 'Travel', ''),
	('cTransport', 2, 'Kendaraan Pribadi', ''),
	('cTransport', 3, 'Kendaraan Dinas', ''),
	('cTransport', 4, 'Pesawat', ''),
	('cTransport', 6, 'Lain-lain', ''),
	('cAset', 0, 'Ada', ''),
	('cAset', 1, 'Tidak Ada', ''),
	('cSaprove', 6, 'Leave Approved', ''),
	('cPengganti', 2, 'Rejected', ''),
	('cPengganti', 3, 'Approved', ''),
	('cPengganti', 0, '', ''),
	('cBarang', 0, 'BAIK', ''),
	('cBarang', 1, 'RUSAK', ''),
	('cWarna', 1, '#FF0202', 'MERAH SUZUKI'),
	('cWarna', 2, '#02FF449', 'HIJAU'),
	('cWarna', 3, '#3FDF403', 'KUNING'),
	('cWarna', 4, '#0DA7E5', 'BIRU MITRA'),
	('cWarna', 5, '#EF04FE', 'UNGU'),
	('cPeriode', 2, 'FEBRUARI', ''),
	('cPeriode', 1, 'JANUARI', ''),
	('cIzin', 3, 'ALPA', ''),
	('cIzin', 2, 'SAKIT', ''),
	('cIzin', 1, 'IZIN', ''),
	('cItem', 1, 'Office Supply', ''),
	('cItem', 2, 'Non Office Supply', ''),
	('cGaji', 1, 'X', ''),
	('cFinger', 1, 'Banjarmasin', ''),
	('cFinger', 2, 'Kayutangi', ''),
	('cHubungan', 5, 'KAKAK', ''),
	('cHubungan', 6, 'SUAMI', ''),
	('cHubungan', 7, 'IBU', ''),
	('cTransport', 5, 'Kendaraan Test Drive', ''),
	('cPurchase', 1, 'Approved', ''),
	('cPurchase', 2, 'Rejected', ''),
	('cPost', 2, 'Ready', ''),
	('cPerusahaan', 1, 'Mitra Megah Profitamas', ''),
	('cPerusahaan', 2, 'Mitra Putra Profitamas', ''),
	('cShift', 1, '09:00', ''),
	('cShift', 2, '08:30', ''),
	('cPeriode', 3, 'MARET', ''),
	('cPeriode', 4, 'APRIL', ''),
	('cPeriode', 5, 'MEI', ''),
	('cPeriode', 6, 'JUNI', ''),
	('cPeriode', 7, 'JULI', ''),
	('cPeriode', 8, 'AGUSTUS', ''),
	('cPeriode', 9, 'SEPTEMBER', ''),
	('cPeriode', 10, 'OKTOBER', ''),
	('cPeriode', 11, 'NOVEMBER', ''),
	('cPeriode', 12, 'DESEMBER', ''),
	('cPeriode', 0, 'ALL', ''),
	('cPost2', 0, 'Unposting', ''),
	('cPost2', 1, 'Posting', ''),
	('cJumlah', 1, '1', ''),
	('cJumlah', 2, '2', ''),
	('cJumlah', 3, '3', ''),
	('cJumlah', 4, '4', ''),
	('cJumlah', 5, '5', ''),
	('cJumlah', 6, '6', ''),
	('cJumlah', 90, '90', ''),
	('cSkaryawan', 7, 'PENSIUN', ''),
	('cJumlah', 7, '7', ''),
	('cJumlah', 8, '8', ''),
	('cJumlah', 9, '9', ''),
	('cJumlah', 10, '10', ''),
	('cJumlah', 11, '11', ''),
	('cJumlah', 12, '12', ''),
	('cSkaryawan', 8, 'OUTSOURCING', ''),
	('cJenis', 3, 'LAKI-LAKI/PEREMPUAN', ''),
	('cBarang', 2, 'BATTERY DROP', ''),
	('cStrata', 4, 'MANAGER', ''),
	('cTransport', 7, 'Taksi', ''),
	('cTransport', 8, 'Ferry', ''),
	('cUsia', 18, '18 Tahun', ''),
	('cUsia', 19, '19 Tahun', ''),
	('cUsia', 20, '20 Tahun', ''),
	('cUsia', 21, '21 Tahun', ''),
	('cUsia', 22, '22 Tahun', ''),
	('cUsia', 23, '23 Tahun', ''),
	('cUsia', 24, '24 Tahun', ''),
	('cUsia', 25, '25 Tahun', ''),
	('cUsia', 26, '26 Tahun', ''),
	('cUsia', 27, '27 Tahun', ''),
	('cUsia', 28, '28 Tahun', ''),
	('cUsia', 29, '29 Tahun', ''),
	('cUsia', 30, '30 Tahun', ''),
	('cUsia', 31, '31 Tahun', ''),
	('cUsia', 32, '32 Tahun', ''),
	('cUsia', 33, '33 Tahun', ''),
	('cUsia', 34, '34 Tahun', ''),
	('cUsia', 35, '35 Tahun', ''),
	('cUsia', 36, '36 Tahun', ''),
	('cUsia', 37, '37 Tahun', ''),
	('cUsia', 38, '38 Tahun', ''),
	('cUsia', 39, '39 Tahun', ''),
	('cUsia', 40, '40 Tahun', ''),
	('cAbsen', 1, 'A', 'ALPA'),
	('cAbsen', 2, 'H', 'HADIR'),
	('cAbsen', 3, 'I', 'IJIN'),
	('cAbsen', 4, 'S', 'SAKIT'),
	('cAbsen', 5, 'STS', 'SAKIT TANPA SURAT'),
	('cAbsen', 6, 'D', 'SPD'),
	('cAbsen', 7, 'CT', 'CUTI'),
	('cAbsen', 8, 'R', 'RESIGN'),
	('cAbsen', 9, 'TM', 'TRAINING/METTING'),
	('cAbsen', 10, 'O', 'OFF'),
	('cAbsen', 11, 'CB', 'CUTI BERSAMA'),
	('cAbsen', 12, 'CH', 'CUTI HAID'),
	('cAbsen', 13, 'B', 'BELUM BEKERJA'),
	('cAbsen', 14, 'MTSI', 'MUTASI'),
	('cAbsen', 15, 'KVS', 'KANVAS'),
	('cAbsen', 16, 'MVX', 'MOVEX'),
	('cAbsen', 17, 'TLT', 'TELAT'),
	('cReminder', 1, 'PAJAK', ''),
	('cReminder', 2, 'STNK', ''),
	('cBody', 19, 'purchase/permintaan/atasan2', 'OFFICE SUPPLY -> MANAGER'),
	('cEmail', 2, 'fandi.natajaya@mitrasuzuki.com', 'FANDI NATAJAYA'),
	('cEmail', 3, 'chelsea@mitrasuzuki.com', 'CHELSEA HALIM'),
	('cSubject', 1, 'HRIS INFO PENILAIAN KARYAWAN', 'HRIS INFO PENILAIAN KARYAWAN'),
	('cSubject', 2, 'HRIS INFO PERMINTAAN KARYAWAN', 'HRIS INFO PERMINTAAN KARYAWAN'),
	('cSubject', 3, 'HRIS INFO CUTI KARYAWAN', 'HRIS INFO CUTI KARYAWAN'),
	('cSubject', 4, 'HRIS INFO SPD KARYAWAN', 'HRIS INFO SPD KARYAWAN'),
	('cSubject', 5, 'HRIS INFO PERBAIKAN KENDARAAN', 'HRIS INFO PERBAIKAN KENDARAAN'),
	('cBody', 1, 'hris/index.php?r=approve/admin5training', 'PENILAIAN KARYAWAN -> DIREKSI'),
	('cEmail', 4, 'fikri.panani@mitrasuzuki.com', 'FIKRI PANANI'),
	('cBody', 2, 'hris/index.php?r=approve/admin2training', 'PENILAIAN KARYAWAN -> HCD MANAGER'),
	('cBody', 3, 'hris/index.php?r=approve/admin4training', 'PENILAIAN KARYAWAN -> OPERATIONAL MANAGER'),
	('cBody', 4, 'hris/index.php?r=training/admin3', 'PENILAIAN KARYAWAN -> ATASAN TIDAK LANGSUNG'),
	('cBody', 5, 'hris/index.php?r=approve/admin5', 'PERMINTAAN KARYAWAN -> DIREKSI'),
	('cBody', 6, 'hris/index.php?r=approve/admin2', 'PERMINTAAN KARYAWAN -> HCD MANAGER'),
	('cBody', 7, 'hris/index.php?r=approve/admin4', 'PERMINTAAN KARYAWAN -> OPERATIONAL MANAGER'),
	('cBody', 8, 'hris/index.php?r=approve/admin2trncuti', 'CUTI KARYAWAN -> MANAGER'),
	('cBody', 9, 'hris/index.php?r=approve/admin5trncuti', 'CUTI KARYAWAN -> HCD MANAGER'),
	('cBody', 10, 'hris/index.php?r=nota/admin', 'SPD KARYAWAN -> MANAGER'),
	('cBody', 17, 'purchase/permintaan/om', 'NON OFFICE SUPPLY -> OPERATIONAL MANAGER'),
	('cBody', 11, 'hris/index.php?r=approve/admin2spd', 'SPD KARYAWAN -> HCD MANAGER'),
	('cBody', 12, 'hris/index.php?r=service/famd', 'PERBAIKAN KENDARAAN -> FAD/DIREKSI'),
	('cBody', 13, 'hris/index.php?r=service/gaom', 'PERBAIKAN KENDARAAN -> HCD/OM MANAGER'),
	('cBody', 14, 'hris/index.php?r=service/sm', 'PERBAIKAN KENDARAAN -> SERVICE MANAGER'),
	('cSubject', 6, 'PURCHASE ORDER OFFICE SUPPLY', 'PURCHASE ORDER OFFICE SUPPLY'),
	('cSubject', 7, 'PURCHASE ORDER NON OFFICE SUPPLY', 'PURCHASE ORDER NON OFFICE SUPPLY'),
	('cEmail', 5, 'doddy.sancoko@mitrasuzuki.com', 'DODDY SANCOKO'),
	('cBody', 15, 'purchase/permintaan/om2', 'OFFICE SUPPLY -> OPERATIONAL MANAGER'),
	('cBody', 16, 'purchase/permintaan/ga2', 'OFFICE SUPPLY -> GENERAL AFFAIR'),
	('cEmail', 6, 'soni.wijanarko@mitrasuzuki.com', 'SONI WIJANARKO'),
	('cEmail', 7, 'rendra.saputra@mitrasuzuki.com', 'RENDRA SAPUTRA'),
	('cEmail', 8, 'arif.prasetya@mitrasuzuki.com', 'ARIF PRASETYA MAHRIADI'),
	('cBody', 18, 'hris/index.php?r=off/manager', 'OFF KERJA -> MANAGER'),
	('cSubject', 8, 'HRIS INFO OFF KARYAWAN', 'HRIS INFO OFF KARYAWAN'),
	('cEmail', 9, 'andri.prilianto@mitrasuzuki.com', 'MARKUS ANDRI PRILIANTO'),
	('cEmail', 10, 'soni.wijanarko@mitrasuzuki.com', 'SONI WIJANARKO'),
	('cEmail', 11, 'lilik.gunawan@mitrasuzuki.com', 'LILIK TRI GUNAWAN'),
	('cEmail', 12, 'aris.dasimayanto@mitrasuzuki.com', 'ARIS DASIMAYANTO'),
	('cEmail', 13, 'muhammad.rizka@mitrasuzuki.com', 'MUHAMMAD YUDHI NOOR RIZKA'),
	('cKategoriAset', 1, 'FURNITURE', '01'),
	('cKategoriAset', 2, 'ELEKTRONIK', '02'),
	('cKategoriAset', 3, 'UMUM', '03'),
	('cEmail', 14, 'erwin.dirgantoro@mitrasuzuki.com', 'ERWIN DIRGANTORO JATMIKO'),
	('cKondisiAset', 1, 'BAIK', ''),
	('cKondisiAset', 2, 'KURANG BAIK', ''),
	('cKondisiAset', 3, 'RUSAK', ''),
	('cStatusAset', 1, 'AKTIF', ''),
	('cStatusAset', 2, 'DIMUSNAHKAN', ''),
	('cSkaryawan', 9, 'MITRA KERJA', ''),
	('cAprove', 4, '', 'APPROVE BATAL'),
	('cJual', 0, 'AKTIF', ''),
	('cJual', 1, 'TERJUAL', ''),
	('cObjek', 1, 'BENGKEL SERVICE', ''),
	('cObjek', 2, 'BENGKEL BODY REPAIR', ''),
	('cObjek', 3, 'FINANCE', ''),
	('cObjek', 0, ' ', ''),
	('cObjek', 4, 'LAIN-LAIN', ''),
	('cTahun', 2022, '2022', ''),
	('cTahun', 2023, '2023', ''),
	('cTahun', 2024, '2024', ''),
	('cTahun', 2025, '2025', ''),
	('cCuti', 0, 'Cuti Tahunan', ''),
	('cCuti', 1, 'Cuti Khusus', '');
/*!40000 ALTER TABLE `parameter` ENABLE KEYS */;

-- Dumping structure for table db_dlh_new.user
CREATE TABLE IF NOT EXISTS `user` (
  `id` int(4) NOT NULL AUTO_INCREMENT,
  `username` varchar(12) NOT NULL,
  `password` varchar(150) NOT NULL,
  `nama` varchar(112) NOT NULL,
  `alamat` text NOT NULL,
  `role` enum('ADMIN','STAF','MANAGER','USER') NOT NULL,
  `dibuat` varchar(50) NOT NULL DEFAULT '',
  `tgl_dibuat` datetime DEFAULT NULL,
  `diupdate` varchar(50) NOT NULL DEFAULT '',
  `tgl_diupdate` datetime DEFAULT NULL,
  PRIMARY KEY (`id`)
) ENGINE=InnoDB AUTO_INCREMENT=13 DEFAULT CHARSET=latin1 ROW_FORMAT=DYNAMIC;

-- Dumping data for table db_dlh_new.user: ~1 rows (approximately)
DELETE FROM `user`;
/*!40000 ALTER TABLE `user` DISABLE KEYS */;
INSERT INTO `user` (`id`, `username`, `password`, `nama`, `alamat`, `role`, `dibuat`, `tgl_dibuat`, `diupdate`, `tgl_diupdate`) VALUES
	(1, 'admin', '$2y$12$KB/ZfEV3FhsXDYaBXkLjTuJ.Q5yHt9krgwFTmxxdW/8DhE0Y05WF.', 'ADMINISTRATOR', '-', 'ADMIN', '', NULL, '', NULL);
/*!40000 ALTER TABLE `user` ENABLE KEYS */;

/*!40101 SET SQL_MODE=IFNULL(@OLD_SQL_MODE, '') */;
/*!40014 SET FOREIGN_KEY_CHECKS=IF(@OLD_FOREIGN_KEY_CHECKS IS NULL, 1, @OLD_FOREIGN_KEY_CHECKS) */;
/*!40101 SET CHARACTER_SET_CLIENT=@OLD_CHARACTER_SET_CLIENT */;
